"topic","keyword","title","seo_title","meta_description","slug","article","faq_questions","internal_links"
"Kış Lastiği Ne Zaman Takılır","kış lastiği ne zaman takılır","Kış Lastiği Ne Zaman Takılır? Yasal Zorunluluklar ve Optimal Zamanlama Rehberi","Kış Lastiği Ne Zaman Takılır? 2024 Yasal Zorunluluklar ve Optimal Zamanlama","Kış lastiği ne zaman takılır? Türkiye'de 1 Aralık-1 Nisan zorunlu dönemi, 7°C sıcaklık eşiği, yasal cezalar ve güvenlik önerileri. Detaylı rehber.","kis-lastigi-ne-zaman-takilir","# Kış Lastiği Ne Zaman Takılır? Yasal Zorunluluklar ve Optimal Zamanlama Rehberi

Kış lastiği Türkiye'de **1 Aralık ile 1 Nisan tarihleri arasında** yasal olarak zorunludur. Ancak güvenlik açısından hava sıcaklığı 7°C'nin altına düştüğünde takılması önerilir.

## Türkiye'de Kış Lastiği Yasal Zorunluluklar

### 1 Aralık - 1 Nisan Zorunlu Dönem

Karayolları Trafik Yönetmeliği'ne göre kış lastiği zorunluluğu belirli tarihlerde başlar. 1 Aralık tarihinden itibaren tüm araçlarda kış lastiği bulunması gerekir.

Bu zorunluluk 1 Nisan tarihine kadar devam eder. Belirlenen tarihler arasında M+S işaretli lastik kullanmak şarttır.

### Yasal Yaptırımlar ve Cezalar

Kış lastiği takmayan sürücülere idari para cezası uygulanır. Ceza sadece para değil, aynı zamanda trafik güvenliğini de etkiler.

Kış koşullarında uygun lastik kullanmamak sigortacılık açısından da sorun yaratabilir.

## Optimal Takma Zamanı ve Hava Koşulları

### 7°C Sıcaklık Eşiği

Kış lastikleri 7°C altındaki sıcaklıklarda daha iyi performans gösterir. Bu sıcaklık eşiği bilimsel araştırmalara dayanır.

Yaz lastiklerinin lastik karışımı düşük sıcaklıklarda sertleşir. Bu durum yol tutuş kapasitesini azaltır.

### Hava Durumu Faktörleri

İlk kar yağışından önce kış lastiği takmak güvenliği artırır. Ani hava değişiklikleri hazırlıksız yakalayabilir.

Buzlanma riski olan bölgelerde erken takma daha kritiktir. Sabah saatlerindeki don olayları özellikle tehlikelidir.

## Bölgesel Farklılıklar ve Uygulamalar

### Zorunlu Bölgeler

Kış lastiği zorunluluğu yaygın olarak uygulanmaktadır. Ancak bazı bölgelerde daha sıkı denetim yapılır.

Dağlık bölgelerde ve yüksek rakımlı alanlarda kontroller daha sıktır. Bu bölgelerde kar zinciri de gerekebilir.

### Şehir Merkezleri ve Kırsal Alanlar

Büyükşehirlerde bile kış lastiği zorunluluğu devam eder. Şehir içi yollarda da güvenlik önemlidir.

Kırsal alanlarda ve köy yollarında kış lastiği daha kritik hale gelir.

## Güvenlik Açısından Erken Takmanın Avantajları

### Frenleme Performansı

Kış lastikleri soğuk havada frenleme mesafesini önemli ölçüde kısaltabilir. Bu fark hayat kurtarıcı olabilir.

Islak zeminde yaz lastiği ile durma mesafesi önemli oranda artabilir. Kış lastiği bu riski azaltır.

### Yol Tutuş Kapasitesi

Kış lastiklerinin özel diş deseni kar ve buzda daha iyi kavrama sağlar. Yanal kayma riskini minimize eder.

Virajlarda ve ani manevralarda kontrol kaybı riski azalır.

## Lastik Türleri ve Teknik Kriterler

### M+S İşareti Gereksinimleri

Türkiye'de yasal olarak M+S (Mud + Snow) işaretli lastikler yeterlidir. Bu işaret lastik yan duvarında bulunur.

Kar tanesi işareti (3PMSF) olan lastikler daha üstün performans sunar. Ancak yasal zorunluluk için M+S yeterlidir.

### All Season Lastik Seçeneği

Dört mevsim lastikler M+S işaretli ise yasal gerekliliği karşılar. Ancak gerçek kış lastikleri kadar etkili değildir.

Çok sert kış koşulları yaşanan bölgelerde dedicated kış lastiği tercih edilmelidir.

## Maliyet ve Pratik Öneriler

### Fiyat Planlama

Kış lastiği fiyatları sezon öncesi daha uygun olabilir. Eylül-Ekim aylarında araştırma yapmak avantajlıdır.

Takım halinde alınan lastiklerde indirimler bulunabilir. Marka ve kalite dengesini gözetmek önemlidir.

### Zamanlama Stratejisi

İlk soğukların başlamasıyla randevu almaya çalışmak gecikmeye neden olabilir. Erken planlama yapmak şarttır.

Lastikçilerde yoğunluk yaşanacağı dönemleri önceden hesaplamak gerekir. Kasım ayı ortası genellikle en yoğun dönemdir.

### Saklama ve Bakım

Yazlık lastikleri uygun koşullarda saklamak ömürlerini uzatır. Rutubetsiz ve güneş almayan yerler idealdir.

Lastik rotasyonu yaparak eşit aşınma sağlanabilir. Bu uygulama maliyet tasarrufu sağlar.","Türkiye'de kış lastiği ne zaman zorunlu? | Kış lastiği takmayan sürücülere ne ceza veriliyor? | 7°C altında neden kış lastiği takılmalı? | M+S işareti olan lastikler yasal gereklilik karşılar mı? | All season lastik kış lastiği yerine geçer mi? | Kış lastiği ne zaman çıkarılmalı?","lastik-bakimi-ve-saklamasi | yaz-lastigi-vs-kis-lastigi-farklari | lastik-fiyatlari-ve-maliyet-analizi | trafik-cezalari-ve-yasal-zorunluluklar | arac-bakimi-kis-hazirligi"
"Lastik Basıncı Kaç Olmalı","lastik basıncı kaç olmalı","ERROR","","Unterminated string in JSON at position 1612 (line 40 column 14)","","","",""
"4 Mevsim Lastik Nedir","4 mevsim lastik nedir","ERROR","","Unterminated string in JSON at position 1608 (line 38 column 44)","","","",""
"Run Flat Lastik Nedir","run flat lastik nedir","Run Flat Lastik Nedir? Özellikleri, Avantajları ve Dezavantajları","Run Flat Lastik Nedir? Özellikleri, Avantajları ve Dezavantajları | 2024","Run flat lastik nedir? Delinme durumunda 80 km mesafe gidebilen run flat lastiklerin özellikleri, avantajları, dezavantajları ve Türkiye'deki durumu.","run-flat-lastik-nedir","# Run Flat Lastik Nedir? Özellikleri, Avantajları ve Dezavantajları

Run flat lastik, delinme durumunda hava kaybetse bile belirli mesafe kat edebilen özel lastik türüdür. Bu lastikler, yan duvarlarının güçlendirilmesi sayesinde 80 km hızla 80 km mesafe gidebilir.

## Run Flat Lastik Tanımı

Run flat lastikler, geleneksel lastiklerden farklı olarak güçlendirilmiş yan duvarlara sahiptir. Hava basıncı tamamen kaybolsa bile lastik çökemez.

Bu teknoloji, araç güvenliğini artırmak ve acil durumları önlemek için geliştirilmiştir. BMW ve Mercedes gibi premium markalar fabrikada bu lastikleri tercih eder.

## Nasıl Çalışır

Run flat lastikler iki farklı teknoloji ile çalışır. En yaygını Self Supporting Runflat (SSR) sistemidir.

SSR teknolojisinde yan duvarlar kalın kauçuk katmanlarla güçlendirilir. Hava kaybında bu katmanlar aracın ağırlığını taşır.

İkinci sistem ise jant içine yerleştirilen destek halkalarıdır. Bu halkalar lastiği çökmekten korur ve sürüşe devam etmeyi sağlar.

## Avantajları

**Güvenlik artışı** en büyük avantajdır. Lastik patladığında araç kontrolünü kaybetme riski azalır.

**Acil durum çözümü** sunar. Yol kenarında lastik değiştirme ihtiyacı ortadan kalkar.

**Bagaj alanı** kazancı sağlar. Stepne lastiğe gerek kalmaz.

**Zaman tasarrufu** yapar. Tamirci bekleme süresi ortadan kalkar.

## Dezavantajları

**Konfor kaybı** yaşanır. Sert yan duvarlar yol tutuşunu olumsuz etkiler.

**Gürültü artışı** meydana gelir. Normal lastiklere göre daha fazla ses çıkarır.

**Yüksek maliyet** söz konusudur. Satış fiyatı ve değişim masrafı fazladır.

**Ömür değişkenliği** söz konusudur. Bazı durumlarda geleneksel lastiklere göre farklı aşınma özelliği gösterebilir.

**Tamir zorluğu** bulunur. Her tamirhanede değiştirilemez.

## Ne Zaman Kullanılmalı

Run flat lastik kullanımı aracın donanımına bağlıdır. BMW, Mercedes ve Audi'nin bazı modellerinde fabrikadan gelir.

Lastik basınç sensörü (TPMS) olmayan araçlarda kullanılmamalıdır. Bu sistemler hava kaybını anında algılar.

Şehir içi kullanım için uygundur. Uzun yol sürücüleri normal lastikleri tercih edebilir.

Premium araç sahipleri güvenlik öncelikli ise tercih edebilir. Konfor odaklı kullanıcılar normal lastikleri seçmelidir.

## Türkiye'deki Durum

Türkiye'de run flat lastik kullanımı gelişmekte olan bir pazar durumundadır.

**Satış markaları** arasında Bridgestone, Michelin, Continental ve Pirelli yer alır. Bu markalar yetkili bayilerinde bulunur.

**Fiyat aralığı** model ve boyuta göre değişkenlik gösterir ve pazar koşullarına bağlı olarak güncellenir.

**Değişim yerleri** premium araç servisleri ve uzman lastikçilerdir. Her tamirhanede hizmet alınamaz.

## Bakım ve Kullanım Önerileri

Lastik basıncı düzenli kontrol edilmelidir. Ayda bir kez basınç ölçümü yapın.

Hızlı virajlardan kaçının. Run flat lastikler normal lastiklere göre daha sert tepki verir.

Delinme durumunda 80 km/h hızı aşmayın. Maksimum 80 km mesafe kat edin.

Değişim sonrası mutlaka balans ayarı yaptırın. Titreşim sorunları yaşanmaması için gereklidir.

## Sonuç

Run flat lastik güvenlik odaklı sürücüler için uygun bir seçenektir. Yüksek maliyet ve konfor kaybına rağmen acil durum çözümü sunar.

Türkiye koşullarında kullanım gelişen bir trend göstermektedir. Premium araç kullanan sürücüler tercih edebilir.

Seçim yaparken araç donanımı, kullanım amacı ve bütçe göz önünde bulundurulmalıdır. Uzman görüşü almak faydalı olacaktır.","Run flat lastik patladığında ne kadar mesafe gidilebilir? | Run flat lastik fiyatları normal lastiğe göre ne kadar pahalı? | Run flat lastikler hangi araçlarda kullanılır? | Run flat lastik tamiri nasıl yapılır? | Run flat lastik avantajları nelerdir? | Türkiye'de run flat lastik hangi markalarda bulunur?","lastik bakımı | lastik basıncı kontrolü | premium araç lastikleri | BMW lastik özellikleri | Mercedes lastik sistemleri | TPMS lastik basınç sensörü | araç güvenlik sistemleri | lastik değişimi"
"Lastik Diş Derinliği Kaç Olmalı","lastik diş derinliği kaç olmalı","Lastik Diş Derinliği Kaç Olmalı? Yasal Minimumlar ve Güvenlik Standartları","Lastik Diş Derinliği Kaç Olmalı? 2024 Yasal Minimumlar ve Güvenlik Standartları","Türkiye'de lastik diş derinliği minimum 1.6 mm olmalıdır. Yaz lastikleri için 3 mm, kış lastikleri için 4 mm önerilir. Ölçüm yöntemleri ve güvenlik riskleri.","lastik-dis-derinligi-kac-olmali","# Lastik Diş Derinliği Kaç Olmalı? Yasal Minimumlar ve Güvenlik Standartları

Türkiye'de lastik diş derinliği minimum 1.6 mm olmalıdır. Bu yasal zorunluluktur ve altında sürüş yapılamaz.

Güvenlik açısından yaz lastikleri için 3 mm, kış lastikleri için 4 mm önerilir. Bu değerler optimal frenleme ve yol tutuş sağlar.

## Türkiye'de Lastik Diş Derinliği Yasal Gereklilikleri

Türkiye trafik mevzuatında minimum diş derinliği 1.6 mm'dir. Bu değerin altında olan lastiklerle trafiğe çıkmak yasaktır.

1.6 mm'nin altında diş derinliği olan araçlar trafik cezası alır. Güncel ceza miktarları için yetkili makamlardan bilgi alınmalıdır.

Araç muayenelerinde lastik diş derinliği kontrol edilir. Yetersiz derinlik durumunda muayene başarısız sayılır.

## Güvenlik İçin Önerilen İdeal Diş Derinlikleri

Yaz lastikleri için güvenlik sınırı 3 mm'dir. Bu değerde frenleme mesafesi önemli ölçüde artar.

Kış lastikleri için minimum 4 mm derinlik önerilir. Kar ve buzda güvenli sürüş için gereklidir.

3 mm'nin altındaki lastikler yağmurlu havada aquaplaning riski yaratır. Su tahliye kabiliyeti önemli ölçüde azalır.

## Lastik Diş Derinliği Ölçüm Yöntemleri

Pratik ölçüm için madeni para yöntemi kullanılabilir, ancak kesin ölçüm için profesyonel araçlar önerilir.

Profesyonel diş derinliği ölçerleri daha kesin sonuç verir. 0.1 mm hassasiyetle ölçüm yapar.

Lastiklerin en az 3 farklı noktasından ölçüm yapın. En düşük değer referans alınmalıdır.

## Kış ve Yaz Lastikleri İçin Farklı Standartlar

Kış lastikleri 4 mm altında kar ve buzda performans kaybeder. Çekiş kabiliyeti ciddi şekilde azalır.

M+S işaretli lastikler çamur ve kar için tasarlanmıştır. Ancak gerçek kış lastiği değildir.

Kar tanesi işaretli lastikler gerçek kış performansı sunar. -7°C altında lastik yumuşaklığını korur.

## Lastik Değişim Zamanının Belirlenmesi

Diş aşınma göstergeleri kritik seviyeye geldiğinde değişim gerekir. Bu işaretler oluklar arasında yer alır.

4 lastiği aynı anda değiştirmek önerilir. Farklı diş derinlikleri dengesizlik yaratır.

Lastik yaşı 6 yılı geçtiyse diş derinliği yeterli olsa da değişim düşünülmelidir. Kauçuk sertleşir ve çatlak oluşur.

## Yetersiz Diş Derinliğinin Güvenlik Riskleri

Islak zeminde fren mesafesi önemli ölçüde artar ve durma mesafesi uzar.

Aquaplaning riski 3 mm altında kritik seviyeye çıkar. Lastik su üzerinde kayar ve kontrol kaybı yaşanır.

Kış şartlarında kar ve buzda çekiş tamamen kaybolur. Rampalarda ve yokuşlarda ilerleme zorlaşır.

Yanal stabilite azalır ve viraj performansı düşer. Özellikle yüksek hızlarda tehlikeli hale gelir.

Lastik patlaması riski artar çünkü yan duvarlar zarar görür. Ani basınç kaybı kazaya neden olabilir.

## Sonuç

Lastik diş derinliği güvenli sürüş için kritik öneme sahiptir. Yasal minimum 1.6 mm olsa da güvenlik için daha yüksek değerler gereklidir.

Düzenli kontrol yapın ve uygun zamanda değiştirin. Can güvenliği her şeyden önemlidir.","Türkiye'de lastik diş derinliği minimum kaç mm olmalıdır? | Kış lastikleri için önerilen minimum diş derinliği nedir? | Lastik diş derinliği nasıl ölçülür? | 1.6 mm altı diş derinliğinde ceza var mı? | Aquaplaning riski hangi diş derinliğinde başlar? | 4 lastiği aynı anda değiştirmek gerekli mi?","Kış lastiği rehberi | Lastik bakım ipuçları | Araç muayene hazırlığı | Trafik cezaları güncel listesi | Güvenli sürüş teknikleri | Lastik değişimi nasıl yapılır"