"title","seo_title","meta_description","slug","article","faq_questions","internal_links","suggested_internal_links","pillar_topic","cluster_articles","supporting_articles","publishing_priority","primary_keywords","secondary_keywords","tracking_frequency","success_metrics","refresh_triggers"
"Run Flat Lastik Nedir? Avantajları, Dezavantajları ve Türkiye'deki Kullanımı","Run Flat Lastik Nedir? Avantajları, Dezavantajları ve Türkiye Fiyatları 2024","Run flat lastik nedir? Patladığında bile güvenli sürüş sağlayan run flat lastiklerin avantajları, dezavantajları, çalışma prensibi ve Türkiye'deki durumu hakkında detaylı bilgi.","run-flat-lastik-nedir","# Run Flat Lastik Nedir? Avantajları, Dezavantajları ve Türkiye'deki Kullanımı

Run flat lastik, patladığında veya basıncını kaybettiğinde bile belirli bir mesafe boyunca güvenli sürüş imkanı sunan özel teknolojiye sahip lastiklerdir. Bu lastikler, geleneksel lastiklerin aksine hava basıncını tamamen kaybetseler dahi aracın hareket etmesini sağlar. Özellikle premium araç markalarında sıklıkla tercih edilen bu teknoloji, sürücülere acil durumlarda büyük kolaylık sağlamaktadır.

## Run Flat Lastik Nasıl Çalışır?

Run flat lastiklerin çalışma prensibi, güçlendirilmiş yan duvarlar üzerine kuruludur. Normal lastiklerde hava basıncı kaybı durumunda lastik tamamen çökerken, run flat lastiklerde özel polimer malzemelerle güçlendirilmiş yan duvarlar aracın ağırlığını taşımaya devam eder. Bu özel yapı sayesinde lastik, hava basıncını kaybetse bile şeklini korur ve tekerlek jantının yere değmesini önler.

Bu teknoloji temelde iki farklı yöntemle uygulanır. İlk yöntem olan SSR (Self Supporting Runflat) sisteminde, lastiğin yan duvarları özel kauçuk karışımları ve güçlendirici malzemelerle desteklenir. İkinci yöntem ise PAX sistemidir ve bu sistemde lastiğin içerisine özel bir destek halkası yerleştirilir. Her iki yöntem de aynı amaca hizmet eder: patladıktan sonra güvenli sürüş imkanı sunmak.

## Run Flat Lastiğin Avantajları

Run flat lastiklerin en büyük avantajı güvenlik faktörüdür. Lastik patlaması durumunda araç kontrolden çıkmaz ve sürücü güvenli bir yere ulaşabilir. Bu durum özellikle otoyollarda veya tehlikeli bölgelerde sürüş yapan kişiler için hayati önem taşır. Ayrıca stepne lastik taşıma zorunluluğu ortadan kalktığı için bagaj hacmi artar ve araç ağırlığı azalır.

Pratiklik açısından da önemli faydalar sunar. Gece yarısı veya kötü hava koşullarında lastik değiştirme zahmetine katlanmaya gerek kalmaz. Özellikle kadın sürücüler veya fiziksel olarak lastik değiştirmekte zorlanan kişiler için büyük kolaylık sağlar. Modern araçlarda bulunan lastik basınç izleme sistemleri ile birlikte kullanıldığında, sürücü patlamanın farkına varır ve en yakın servise güvenle ulaşabilir.

## Dezavantajları ve Sınırlamaları

Run flat lastiklerin en belirgin dezavantajı yüksek maliyetidir. Normal lastiklere kıyasla önemli ölçüde daha pahalı olan bu lastikler, değişim maliyetlerini artırır. Ayrıca tamir edilme imkanları sınırlıdır; çoğu durumda patladıktan sonra yenisi ile değiştirilmesi gerekir. Bu durum uzun vadede bakım maliyetlerini önemli ölçüde artırır.

Sürüş konforu açısından da bazı ödünler vermek gerekir. Güçlendirilmiş yan duvarlar nedeniyle lastikler daha sert olur ve yol tutma hissi değişir. Özellikle düşük profilli run flat lastiklerde bu etki daha belirgindir. Ayrıca patladıktan sonra sadece 80 km/saat hızla maksimum 80 kilometre yol gidebilme sınırı vardır. Bu mesafe ve hız kısıtlamaları acil durumlar için yeterli olsa da uzun yolculuklarda problem yaratabilir.

## Hangi Araçlarda Kullanılır?

BMW, Mercedes-Benz, MINI ve Cadillac gibi premium markalar run flat lastikleri standart donanım olarak tercih eder. BMW özellikle bu teknolojinin öncülerinden biridir ve birçok modelinde fabrika çıkışı run flat lastik kullanır. Bu markaların tercih sebebi hem güvenlik hem de tasarım esnekliği sağlamasıdır. Stepne lastik ve kriko gerektirmediği için araç tasarımcıları daha fazla alan kazanır.

Ancak her araçta run flat lastik kullanılamaz. Aracın süspansiyon sistemi ve jantlarının bu teknolojiye uygun olması gerekir. Ayrıca lastik basınç izleme sistemi (TPMS) şart olduğundan, eski model araçlarda kullanımı pratik değildir. Bu nedenle run flat lastiğe geçiş yapmadan önce aracın uyumluluğunu kontrol etmek önemlidir.

## Türkiye'deki Durum ve Maliyetler

Türkiye'de run flat lastik seçenekleri mevcut olup, Bridgestone, Continental, Michelin ve Pirelli gibi global markalar bu tür lastikler sunmaktadır. Premium araç sahiplerinin bu teknolojiye olan ilgisi bulunmaktadır.

Maliyet açısından Türkiye'de run flat lastikler normal lastiklere göre oldukça pahalıdır. Normal lastiklere kıyasla önemli ölçüde daha yüksek maliyete sahip olan bu lastikler, bütçe planlamasında dikkate alınması gereken bir faktördür. Ayrıca büyük şehirler dışında temin etmek zorlaşabilir. Bu durum özellikle uzun yolculuk yapan sürücüler için göz önünde bulundurulması gereken bir faktördür. Yine de güvenlik ve pratiklik avantajları düşünüldüğünde, uygun araç ve koşullara sahip sürücüler için değerli bir yatırım olabilir.","Run flat lastik nasıl çalışır? | Run flat lastik avantajları nelerdir? | Run flat lastik dezavantajları var mı? | Hangi araçlarda run flat lastik kullanılır? | Run flat lastik Türkiye'de satılır mı? | Run flat lastik normal lastikten ne kadar pahalı? | Run flat lastik patladıktan sonra kaç kilometre gidilir? | Her araçta run flat lastik kullanılabilir mi?","lastik bakımı | lastik değişimi | araç güvenlik sistemleri | premium araç markaları | lastik teknolojileri | otomobil bakım maliyetleri","","","","","","","","","",""